"custid","radio","score"
"1","A","20"
"1","B","84"
"1","C","41"
"1","D","35"
"1","E","70"
"1","F","72"
"1","G","19"
"1","H","34"
"1","I","67"
"1","J","61"
"1","K","56"
"2","A","23"
"2","B","78"
"2","C","44"
"2","D","40"
"2","E","67"
"2","F","66"
"2","G","26"
"2","H","43"
"2","I","70"
"2","J","66"
"2","K","55"
"3","A","26"
"3","B","73"
"3","C","57"
"3","D","45"
"3","E","63"
"3","F","72"
"3","G","27"
"3","H","39"
"3","I","56"
"3","J","58"
"3","K","53"
"4","A","35"
"4","B","86"
"4","C","53"
"4","D","54"
"4","E","79"
"4","F","74"
"4","G","29"
"4","H","45"
"4","I","68"
"4","J","84"
"4","K","65"
"5","A","34"
"5","B","90"
"5","C","56"
"5","D","42"
"5","E","79"
"5","F","78"
"5","G","39"
"5","H","48"
"5","I","67"
"5","J","70"
"5","K","66"
"6","A","12"
"6","B","75"
"6","C","38"
"6","D","32"
"6","E","54"
"6","F","56"
"6","G","15"
"6","H","30"
"6","I","58"
"6","J","53"
"6","K","47"
"7","A","38"
"7","B","82"
"7","C","49"
"7","D","48"
"7","E","76"
"7","F","60"
"7","G","33"
"7","H","40"
"7","I","56"
"7","J","71"
"7","K","65"
"8","A","33"
"8","B","91"
"8","C","59"
"8","D","43"
"8","E","78"
"8","F","67"
"8","G","39"
"8","H","57"
"8","I","62"
"8","J","77"
"8","K","68"
"9","A","30"
"9","B","77"
"9","C","42"
"9","D","41"
"9","E","71"
"9","F","64"
"9","G","21"
"9","H","37"
"9","I","64"
"9","J","54"
"9","K","50"
"10","A","21"
"10","B","73"
"10","C","36"
"10","D","39"
"10","E","50"
"10","F","55"
"10","G","23"
"10","H","33"
"10","I","52"
"10","J","62"
"10","K","61"
"11","A","22"
"11","B","78"
"11","C","33"
"11","D","32"
"11","E","58"
"11","F","56"
"11","G","18"
"11","H","34"
"11","I","50"
"11","J","62"
"11","K","43"
"12","A","30"
"12","B","69"
"12","C","43"
"12","D","35"
"12","E","62"
"12","F","57"
"12","G","19"
"12","H","27"
"12","I","62"
"12","J","62"
"12","K","51"
"13","A","14"
"13","B","72"
"13","C","43"
"13","D","38"
"13","E","56"
"13","F","57"
"13","G","8"
"13","H","29"
"13","I","57"
"13","J","58"
"13","K","49"
"14","A","28"
"14","B","79"
"14","C","31"
"14","D","39"
"14","E","64"
"14","F","64"
"14","G","21"
"14","H","29"
"14","I","53"
"14","J","68"
"14","K","60"
"15","A","28"
"15","B","90"
"15","C","55"
"15","D","50"
"15","E","84"
"15","F","67"
"15","G","25"
"15","H","45"
"15","I","66"
"15","J","79"
"15","K","60"
"16","A","30"
"16","B","90"
"16","C","44"
"16","D","46"
"16","E","72"
"16","F","57"
"16","G","27"
"16","H","46"
"16","I","62"
"16","J","79"
"16","K","64"
"17","A","33"
"17","B","95"
"17","C","57"
"17","D","45"
"17","E","75"
"17","F","70"
"17","G","31"
"17","H","41"
"17","I","69"
"17","J","71"
"17","K","63"
"18","A","23"
"18","B","80"
"18","C","39"
"18","D","42"
"18","E","70"
"18","F","69"
"18","G","34"
"18","H","50"
"18","I","63"
"18","J","70"
"18","K","74"
"19","A","30"
"19","B","88"
"19","C","53"
"19","D","45"
"19","E","57"
"19","F","80"
"19","G","33"
"19","H","50"
"19","I","75"
"19","J","71"
"19","K","67"
"20","A","33"
"20","B","79"
"20","C","40"
"20","D","36"
"20","E","68"
"20","F","64"
"20","G","13"
"20","H","37"
"20","I","62"
"20","J","66"
"20","K","49"
"21","A","22"
"21","B","84"
"21","C","42"
"21","D","33"
"21","E","67"
"21","F","60"
"21","G","18"
"21","H","35"
"21","I","64"
"21","J","59"
"21","K","55"
"22","A","13"
"22","B","78"
"22","C","39"
"22","D","42"
"22","E","68"
"22","F","57"
"22","G","16"
"22","H","35"
"22","I","61"
"22","J","70"
"22","K","48"
"23","A","25"
"23","B","73"
"23","C","41"
"23","D","44"
"23","E","65"
"23","F","68"
"23","G","25"
"23","H","51"
"23","I","65"
"23","J","71"
"23","K","53"
"24","A","21"
"24","B","68"
"24","C","36"
"24","D","37"
"24","E","60"
"24","F","55"
"24","G","16"
"24","H","37"
"24","I","55"
"24","J","64"
"24","K","45"
"25","A","28"
"25","B","82"
"25","C","49"
"25","D","38"
"25","E","71"
"25","F","61"
"25","G","17"
"25","H","34"
"25","I","56"
"25","J","70"
"25","K","56"
"26","A","35"
"26","B","91"
"26","C","54"
"26","D","52"
"26","E","71"
"26","F","78"
"26","G","34"
"26","H","44"
"26","I","71"
"26","J","76"
"26","K","65"
"27","A","20"
"27","B","76"
"27","C","48"
"27","D","30"
"27","E","55"
"27","F","66"
"27","G","22"
"27","H","38"
"27","I","62"
"27","J","55"
"27","K","46"
"28","A","35"
"28","B","70"
"28","C","54"
"28","D","44"
"28","E","64"
"28","F","70"
"28","G","28"
"28","H","36"
"28","I","52"
"28","J","63"
"28","K","55"
"29","A","36"
"29","B","80"
"29","C","40"
"29","D","28"
"29","E","62"
"29","F","62"
"29","G","17"
"29","H","26"
"29","I","60"
"29","J","58"
"29","K","49"
"30","A","20"
"30","B","77"
"30","C","43"
"30","D","42"
"30","E","51"
"30","F","68"
"30","G","16"
"30","H","35"
"30","I","62"
"30","J","60"
"30","K","53"
"31","A","40"
"31","B","82"
"31","C","58"
"31","D","44"
"31","E","69"
"31","F","79"
"31","G","31"
"31","H","53"
"31","I","72"
"31","J","78"
"31","K","59"
"32","A","20"
"32","B","79"
"32","C","34"
"32","D","31"
"32","E","53"
"32","F","71"
"32","G","24"
"32","H","32"
"32","I","56"
"32","J","62"
"32","K","52"
"33","A","33"
"33","B","89"
"33","C","54"
"33","D","39"
"33","E","69"
"33","F","65"
"33","G","25"
"33","H","30"
"33","I","63"
"33","J","71"
"33","K","57"
"34","A","27"
"34","B","88"
"34","C","48"
"34","D","33"
"34","E","60"
"34","F","69"
"34","G","13"
"34","H","34"
"34","I","59"
"34","J","61"
"34","K","66"
"35","A","20"
"35","B","78"
"35","C","36"
"35","D","34"
"35","E","64"
"35","F","60"
"35","G","20"
"35","H","36"
"35","I","67"
"35","J","63"
"35","K","41"
"36","A","16"
"36","B","77"
"36","C","38"
"36","D","27"
"36","E","53"
"36","F","57"
"36","G","20"
"36","H","31"
"36","I","57"
"36","J","51"
"36","K","47"
"37","A","21"
"37","B","72"
"37","C","34"
"37","D","45"
"37","E","49"
"37","F","54"
"37","G","15"
"37","H","24"
"37","I","58"
"37","J","62"
"37","K","45"
"38","A","28"
"38","B","80"
"38","C","38"
"38","D","40"
"38","E","67"
"38","F","56"
"38","G","14"
"38","H","39"
"38","I","61"
"38","J","65"
"38","K","53"
"39","A","42"
"39","B","95"
"39","C","47"
"39","D","48"
"39","E","72"
"39","F","75"
"39","G","39"
"39","H","45"
"39","I","65"
"39","J","82"
"39","K","60"
"40","A","25"
"40","B","81"
"40","C","50"
"40","D","48"
"40","E","63"
"40","F","51"
"40","G","20"
"40","H","37"
"40","I","61"
"40","J","62"
"40","K","57"
"41","A","22"
"41","B","79"
"41","C","39"
"41","D","37"
"41","E","52"
"41","F","62"
"41","G","20"
"41","H","33"
"41","I","59"
"41","J","58"
"41","K","59"
"42","A","37"
"42","B","85"
"42","C","62"
"42","D","49"
"42","E","74"
"42","F","78"
"42","G","32"
"42","H","42"
"42","I","70"
"42","J","82"
"42","K","57"
"43","A","36"
"43","B","98"
"43","C","58"
"43","D","53"
"43","E","80"
"43","F","71"
"43","G","38"
"43","H","54"
"43","I","68"
"43","J","81"
"43","K","74"
"44","A","39"
"44","B","92"
"44","C","54"
"44","D","56"
"44","E","71"
"44","F","70"
"44","G","25"
"44","H","38"
"44","I","70"
"44","J","79"
"44","K","67"
"45","A","37"
"45","B","94"
"45","C","48"
"45","D","51"
"45","E","75"
"45","F","75"
"45","G","28"
"45","H","41"
"45","I","74"
"45","J","83"
"45","K","70"
"46","A","22"
"46","B","84"
"46","C","46"
"46","D","41"
"46","E","66"
"46","F","62"
"46","G","20"
"46","H","37"
"46","I","63"
"46","J","68"
"46","K","56"
"47","A","23"
"47","B","85"
"47","C","40"
"47","D","36"
"47","E","49"
"47","F","62"
"47","G","22"
"47","H","33"
"47","I","51"
"47","J","66"
"47","K","51"
"48","A","14"
"48","B","76"
"48","C","43"
"48","D","34"
"48","E","49"
"48","F","52"
"48","G","16"
"48","H","30"
"48","I","54"
"48","J","64"
"48","K","52"
"49","A","24"
"49","B","78"
"49","C","50"
"49","D","35"
"49","E","53"
"49","F","62"
"49","G","12"
"49","H","34"
"49","I","66"
"49","J","68"
"49","K","51"
"50","A","32"
"50","B","89"
"50","C","45"
"50","D","32"
"50","E","63"
"50","F","73"
"50","G","32"
"50","H","37"
"50","I","69"
"50","J","79"
"50","K","60"
"51","A","22"
"51","B","69"
"51","C","39"
"51","D","37"
"51","E","51"
"51","F","59"
"51","G","7"
"51","H","29"
"51","I","54"
"51","J","61"
"51","K","49"
"52","A","38"
"52","B","84"
"52","C","50"
"52","D","61"
"52","E","72"
"52","F","72"
"52","G","35"
"52","H","40"
"52","I","71"
"52","J","72"
"52","K","52"
"53","A","20"
"53","B","73"
"53","C","37"
"53","D","38"
"53","E","58"
"53","F","51"
"53","G","14"
"53","H","32"
"53","I","55"
"53","J","62"
"53","K","40"
"54","A","36"
"54","B","92"
"54","C","53"
"54","D","45"
"54","E","73"
"54","F","61"
"54","G","22"
"54","H","51"
"54","I","66"
"54","J","77"
"54","K","55"
"55","A","25"
"55","B","80"
"55","C","37"
"55","D","43"
"55","E","59"
"55","F","59"
"55","G","18"
"55","H","45"
"55","I","55"
"55","J","56"
"55","K","54"
"56","A","36"
"56","B","85"
"56","C","52"
"56","D","44"
"56","E","81"
"56","F","73"
"56","G","27"
"56","H","40"
"56","I","65"
"56","J","76"
"56","K","64"
"57","A","25"
"57","B","83"
"57","C","53"
"57","D","32"
"57","E","67"
"57","F","67"
"57","G","26"
"57","H","44"
"57","I","59"
"57","J","73"
"57","K","53"
"58","A","25"
"58","B","81"
"58","C","37"
"58","D","41"
"58","E","65"
"58","F","61"
"58","G","16"
"58","H","30"
"58","I","59"
"58","J","61"
"58","K","60"
"59","A","19"
"59","B","72"
"59","C","37"
"59","D","41"
"59","E","55"
"59","F","60"
"59","G","24"
"59","H","37"
"59","I","56"
"59","J","57"
"59","K","46"
"60","A","38"
"60","B","85"
"60","C","49"
"60","D","40"
"60","E","72"
"60","F","72"
"60","G","30"
"60","H","45"
"60","I","67"
"60","J","67"
"60","K","66"
"61","A","31"
"61","B","93"
"61","C","57"
"61","D","44"
"61","E","63"
"61","F","72"
"61","G","35"
"61","H","42"
"61","I","63"
"61","J","72"
"61","K","60"
"62","A","42"
"62","B","92"
"62","C","49"
"62","D","54"
"62","E","69"
"62","F","86"
"62","G","38"
"62","H","46"
"62","I","78"
"62","J","74"
"62","K","65"
"63","A","38"
"63","B","92"
"63","C","60"
"63","D","51"
"63","E","75"
"63","F","75"
"63","G","39"
"63","H","41"
"63","I","67"
"63","J","73"
"63","K","70"
"64","A","26"
"64","B","77"
"64","C","46"
"64","D","42"
"64","E","71"
"64","F","72"
"64","G","17"
"64","H","42"
"64","I","61"
"64","J","70"
"64","K","59"
"65","A","30"
"65","B","82"
"65","C","54"
"65","D","37"
"65","E","61"
"65","F","75"
"65","G","27"
"65","H","35"
"65","I","57"
"65","J","61"
"65","K","62"
"66","A","20"
"66","B","78"
"66","C","47"
"66","D","33"
"66","E","60"
"66","F","55"
"66","G","17"
"66","H","27"
"66","I","57"
"66","J","54"
"66","K","45"
"67","A","26"
"67","B","72"
"67","C","38"
"67","D","25"
"67","E","60"
"67","F","60"
"67","G","21"
"67","H","36"
"67","I","56"
"67","J","55"
"67","K","55"
"68","A","30"
"68","B","87"
"68","C","56"
"68","D","49"
"68","E","77"
"68","F","70"
"68","G","31"
"68","H","51"
"68","I","67"
"68","J","71"
"68","K","65"
"69","A","26"
"69","B","92"
"69","C","59"
"69","D","47"
"69","E","65"
"69","F","74"
"69","G","25"
"69","H","38"
"69","I","64"
"69","J","72"
"69","K","70"
"70","A","35"
"70","B","87"
"70","C","61"
"70","D","58"
"70","E","78"
"70","F","77"
"70","G","33"
"70","H","47"
"70","I","63"
"70","J","71"
"70","K","62"
"71","A","33"
"71","B","82"
"71","C","55"
"71","D","48"
"71","E","81"
"71","F","65"
"71","G","25"
"71","H","47"
"71","I","68"
"71","J","78"
"71","K","68"
"72","A","28"
"72","B","79"
"72","C","39"
"72","D","31"
"72","E","66"
"72","F","59"
"72","G","29"
"72","H","46"
"72","I","58"
"72","J","72"
"72","K","60"
"73","A","22"
"73","B","83"
"73","C","43"
"73","D","33"
"73","E","44"
"73","F","54"
"73","G","18"
"73","H","33"
"73","I","50"
"73","J","49"
"73","K","54"
"74","A","50"
"74","B","95"
"74","C","54"
"74","D","54"
"74","E","78"
"74","F","69"
"74","G","37"
"74","H","45"
"74","I","60"
"74","J","81"
"74","K","71"
"75","A","27"
"75","B","80"
"75","C","56"
"75","D","53"
"75","E","68"
"75","F","73"
"75","G","27"
"75","H","45"
"75","I","65"
"75","J","92"
"75","K","67"
"76","A","20"
"76","B","81"
"76","C","42"
"76","D","36"
"76","E","58"
"76","F","55"
"76","G","21"
"76","H","38"
"76","I","52"
"76","J","62"
"76","K","48"
"77","A","24"
"77","B","81"
"77","C","44"
"77","D","42"
"77","E","68"
"77","F","72"
"77","G","24"
"77","H","43"
"77","I","60"
"77","J","76"
"77","K","53"
"78","A","30"
"78","B","96"
"78","C","54"
"78","D","48"
"78","E","60"
"78","F","71"
"78","G","32"
"78","H","41"
"78","I","65"
"78","J","73"
"78","K","63"
"79","A","36"
"79","B","87"
"79","C","46"
"79","D","51"
"79","E","72"
"79","F","77"
"79","G","28"
"79","H","46"
"79","I","64"
"79","J","77"
"79","K","77"
"80","A","23"
"80","B","72"
"80","C","39"
"80","D","30"
"80","E","48"
"80","F","55"
"80","G","18"
"80","H","24"
"80","I","52"
"80","J","67"
"80","K","52"
"81","A","28"
"81","B","84"
"81","C","45"
"81","D","38"
"81","E","53"
"81","F","61"
"81","G","9"
"81","H","36"
"81","I","61"
"81","J","60"
"81","K","49"
"82","A","30"
"82","B","88"
"82","C","41"
"82","D","45"
"82","E","64"
"82","F","62"
"82","G","22"
"82","H","44"
"82","I","61"
"82","J","59"
"82","K","60"
"83","A","31"
"83","B","93"
"83","C","51"
"83","D","49"
"83","E","74"
"83","F","69"
"83","G","27"
"83","H","51"
"83","I","69"
"83","J","78"
"83","K","72"
"84","A","33"
"84","B","83"
"84","C","51"
"84","D","49"
"84","E","71"
"84","F","76"
"84","G","25"
"84","H","52"
"84","I","70"
"84","J","85"
"84","K","65"
"85","A","24"
"85","B","81"
"85","C","48"
"85","D","31"
"85","E","56"
"85","F","68"
"85","G","25"
"85","H","40"
"85","I","50"
"85","J","56"
"85","K","39"
"86","A","20"
"86","B","79"
"86","C","40"
"86","D","40"
"86","E","60"
"86","F","61"
"86","G","22"
"86","H","26"
"86","I","60"
"86","J","67"
"86","K","48"
"87","A","28"
"87","B","79"
"87","C","45"
"87","D","31"
"87","E","61"
"87","F","56"
"87","G","19"
"87","H","32"
"87","I","64"
"87","J","67"
"87","K","60"
"88","A","13"
"88","B","78"
"88","C","44"
"88","D","44"
"88","E","59"
"88","F","63"
"88","G","20"
"88","H","39"
"88","I","55"
"88","J","58"
"88","K","55"
"89","A","33"
"89","B","85"
"89","C","45"
"89","D","44"
"89","E","72"
"89","F","67"
"89","G","35"
"89","H","37"
"89","I","69"
"89","J","71"
"89","K","61"
"90","A","38"
"90","B","89"
"90","C","56"
"90","D","54"
"90","E","70"
"90","F","71"
"90","G","32"
"90","H","44"
"90","I","62"
"90","J","67"
"90","K","65"
"91","A","33"
"91","B","89"
"91","C","59"
"91","D","46"
"91","E","70"
"91","F","71"
"91","G","25"
"91","H","38"
"91","I","74"
"91","J","63"
"91","K","63"
"92","A","22"
"92","B","73"
"92","C","44"
"92","D","39"
"92","E","55"
"92","F","55"
"92","G","19"
"92","H","37"
"92","I","51"
"92","J","58"
"92","K","54"
"93","A","35"
"93","B","82"
"93","C","51"
"93","D","46"
"93","E","74"
"93","F","64"
"93","G","21"
"93","H","51"
"93","I","68"
"93","J","75"
"93","K","62"
"94","A","33"
"94","B","81"
"94","C","54"
"94","D","51"
"94","E","69"
"94","F","66"
"94","G","31"
"94","H","40"
"94","I","66"
"94","J","70"
"94","K","58"
"95","A","20"
"95","B","80"
"95","C","46"
"95","D","37"
"95","E","57"
"95","F","62"
"95","G","14"
"95","H","43"
"95","I","58"
"95","J","73"
"95","K","57"
"96","A","18"
"96","B","75"
"96","C","43"
"96","D","32"
"96","E","58"
"96","F","60"
"96","G","25"
"96","H","31"
"96","I","60"
"96","J","60"
"96","K","50"
"97","A","21"
"97","B","76"
"97","C","41"
"97","D","47"
"97","E","65"
"97","F","60"
"97","G","16"
"97","H","36"
"97","I","62"
"97","J","68"
"97","K","59"
"98","A","18"
"98","B","63"
"98","C","45"
"98","D","41"
"98","E","59"
"98","F","64"
"98","G","16"
"98","H","32"
"98","I","62"
"98","J","56"
"98","K","53"
"99","A","29"
"99","B","77"
"99","C","50"
"99","D","40"
"99","E","56"
"99","F","72"
"99","G","17"
"99","H","33"
"99","I","55"
"99","J","64"
"99","K","56"
"100","A","27"
"100","B","78"
"100","C","48"
"100","D","33"
"100","E","59"
"100","F","57"
"100","G","33"
"100","H","37"
"100","I","65"
"100","J","59"
"100","K","49"
"101","A","16"
"101","B","67"
"101","C","37"
"101","D","37"
"101","E","64"
"101","F","64"
"101","G","12"
"101","H","26"
"101","I","61"
"101","J","56"
"101","K","53"
"102","A","26"
"102","B","79"
"102","C","42"
"102","D","38"
"102","E","53"
"102","F","54"
"102","G","14"
"102","H","34"
"102","I","60"
"102","J","55"
"102","K","49"
"103","A","17"
"103","B","75"
"103","C","36"
"103","D","35"
"103","E","58"
"103","F","60"
"103","G","13"
"103","H","31"
"103","I","65"
"103","J","64"
"103","K","54"
"104","A","44"
"104","B","92"
"104","C","55"
"104","D","56"
"104","E","69"
"104","F","84"
"104","G","31"
"104","H","47"
"104","I","68"
"104","J","77"
"104","K","65"
"105","A","21"
"105","B","88"
"105","C","53"
"105","D","49"
"105","E","66"
"105","F","70"
"105","G","19"
"105","H","34"
"105","I","71"
"105","J","80"
"105","K","57"
"106","A","37"
"106","B","86"
"106","C","51"
"106","D","52"
"106","E","72"
"106","F","73"
"106","G","30"
"106","H","55"
"106","I","69"
"106","J","66"
"106","K","60"
"107","A","25"
"107","B","91"
"107","C","45"
"107","D","35"
"107","E","67"
"107","F","69"
"107","G","21"
"107","H","50"
"107","I","62"
"107","J","75"
"107","K","63"
"108","A","30"
"108","B","75"
"108","C","42"
"108","D","40"
"108","E","56"
"108","F","62"
"108","G","16"
"108","H","29"
"108","I","53"
"108","J","52"
"108","K","56"
"109","A","25"
"109","B","90"
"109","C","48"
"109","D","43"
"109","E","55"
"109","F","65"
"109","G","24"
"109","H","34"
"109","I","74"
"109","J","61"
"109","K","57"
"110","A","38"
"110","B","86"
"110","C","41"
"110","D","38"
"110","E","69"
"110","F","74"
"110","G","27"
"110","H","42"
"110","I","68"
"110","J","67"
"110","K","65"
"111","A","34"
"111","B","90"
"111","C","53"
"111","D","51"
"111","E","69"
"111","F","67"
"111","G","35"
"111","H","45"
"111","I","65"
"111","J","69"
"111","K","59"
"112","A","35"
"112","B","93"
"112","C","57"
"112","D","45"
"112","E","75"
"112","F","72"
"112","G","28"
"112","H","45"
"112","I","58"
"112","J","73"
"112","K","64"
"113","A","21"
"113","B","80"
"113","C","37"
"113","D","41"
"113","E","68"
"113","F","58"
"113","G","17"
"113","H","32"
"113","I","59"
"113","J","60"
"113","K","50"
"114","A","35"
"114","B","86"
"114","C","52"
"114","D","44"
"114","E","69"
"114","F","71"
"114","G","19"
"114","H","34"
"114","I","62"
"114","J","70"
"114","K","61"
"115","A","28"
"115","B","88"
"115","C","41"
"115","D","52"
"115","E","63"
"115","F","68"
"115","G","23"
"115","H","35"
"115","I","59"
"115","J","69"
"115","K","61"
"116","A","30"
"116","B","92"
"116","C","47"
"116","D","54"
"116","E","65"
"116","F","59"
"116","G","28"
"116","H","41"
"116","I","63"
"116","J","64"
"116","K","72"
"117","A","25"
"117","B","83"
"117","C","47"
"117","D","40"
"117","E","61"
"117","F","74"
"117","G","17"
"117","H","43"
"117","I","63"
"117","J","54"
"117","K","64"
"118","A","40"
"118","B","88"
"118","C","53"
"118","D","59"
"118","E","76"
"118","F","71"
"118","G","22"
"118","H","45"
"118","I","62"
"118","J","78"
"118","K","61"
"119","A","32"
"119","B","71"
"119","C","33"
"119","D","41"
"119","E","59"
"119","F","56"
"119","G","27"
"119","H","24"
"119","I","55"
"119","J","73"
"119","K","54"
"120","A","22"
"120","B","81"
"120","C","40"
"120","D","41"
"120","E","73"
"120","F","53"
"120","G","28"
"120","H","42"
"120","I","67"
"120","J","65"
"120","K","52"
"121","A","32"
"121","B","84"
"121","C","54"
"121","D","44"
"121","E","75"
"121","F","66"
"121","G","19"
"121","H","40"
"121","I","69"
"121","J","69"
"121","K","54"
"122","A","33"
"122","B","72"
"122","C","55"
"122","D","38"
"122","E","60"
"122","F","56"
"122","G","26"
"122","H","40"
"122","I","67"
"122","J","69"
"122","K","44"
"123","A","33"
"123","B","76"
"123","C","32"
"123","D","34"
"123","E","60"
"123","F","57"
"123","G","21"
"123","H","27"
"123","I","45"
"123","J","58"
"123","K","54"
"124","A","40"
"124","B","91"
"124","C","53"
"124","D","38"
"124","E","73"
"124","F","69"
"124","G","39"
"124","H","45"
"124","I","70"
"124","J","73"
"124","K","67"
"125","A","25"
"125","B","89"
"125","C","51"
"125","D","44"
"125","E","70"
"125","F","70"
"125","G","30"
"125","H","39"
"125","I","61"
"125","J","78"
"125","K","63"
"126","A","24"
"126","B","75"
"126","C","39"
"126","D","39"
"126","E","56"
"126","F","58"
"126","G","20"
"126","H","35"
"126","I","60"
"126","J","57"
"126","K","56"
"127","A","14"
"127","B","81"
"127","C","40"
"127","D","37"
"127","E","60"
"127","F","56"
"127","G","18"
"127","H","31"
"127","I","47"
"127","J","60"
"127","K","51"
"128","A","41"
"128","B","98"
"128","C","52"
"128","D","39"
"128","E","62"
"128","F","73"
"128","G","22"
"128","H","39"
"128","I","61"
"128","J","73"
"128","K","65"
"129","A","16"
"129","B","77"
"129","C","46"
"129","D","47"
"129","E","62"
"129","F","62"
"129","G","19"
"129","H","37"
"129","I","58"
"129","J","60"
"129","K","67"
"130","A","34"
"130","B","78"
"130","C","52"
"130","D","42"
"130","E","59"
"130","F","66"
"130","G","26"
"130","H","38"
"130","I","61"
"130","J","68"
"130","K","57"
"131","A","29"
"131","B","81"
"131","C","44"
"131","D","38"
"131","E","60"
"131","F","64"
"131","G","22"
"131","H","29"
"131","I","53"
"131","J","60"
"131","K","58"
"132","A","38"
"132","B","99"
"132","C","56"
"132","D","40"
"132","E","68"
"132","F","67"
"132","G","28"
"132","H","34"
"132","I","63"
"132","J","74"
"132","K","65"
"133","A","37"
"133","B","96"
"133","C","50"
"133","D","49"
"133","E","80"
"133","F","85"
"133","G","33"
"133","H","51"
"133","I","67"
"133","J","74"
"133","K","58"
"134","A","40"
"134","B","85"
"134","C","57"
"134","D","53"
"134","E","70"
"134","F","77"
"134","G","24"
"134","H","45"
"134","I","69"
"134","J","79"
"134","K","70"
"135","A","19"
"135","B","80"
"135","C","37"
"135","D","40"
"135","E","59"
"135","F","58"
"135","G","11"
"135","H","26"
"135","I","54"
"135","J","60"
"135","K","55"
"136","A","25"
"136","B","87"
"136","C","53"
"136","D","37"
"136","E","59"
"136","F","65"
"136","G","22"
"136","H","56"
"136","I","61"
"136","J","71"
"136","K","67"
"137","A","36"
"137","B","90"
"137","C","53"
"137","D","43"
"137","E","79"
"137","F","72"
"137","G","32"
"137","H","43"
"137","I","59"
"137","J","68"
"137","K","62"
"138","A","33"
"138","B","88"
"138","C","39"
"138","D","40"
"138","E","66"
"138","F","69"
"138","G","33"
"138","H","45"
"138","I","68"
"138","J","64"
"138","K","61"
"139","A","26"
"139","B","75"
"139","C","35"
"139","D","39"
"139","E","54"
"139","F","58"
"139","G","17"
"139","H","45"
"139","I","58"
"139","J","61"
"139","K","51"
"140","A","27"
"140","B","85"
"140","C","53"
"140","D","51"
"140","E","74"
"140","F","64"
"140","G","27"
"140","H","47"
"140","I","68"
"140","J","61"
"140","K","63"
"141","A","26"
"141","B","85"
"141","C","44"
"141","D","30"
"141","E","58"
"141","F","56"
"141","G","14"
"141","H","24"
"141","I","53"
"141","J","58"
"141","K","48"
"142","A","34"
"142","B","88"
"142","C","58"
"142","D","48"
"142","E","72"
"142","F","71"
"142","G","38"
"142","H","47"
"142","I","68"
"142","J","80"
"142","K","66"
"143","A","21"
"143","B","78"
"143","C","44"
"143","D","49"
"143","E","67"
"143","F","58"
"143","G","14"
"143","H","29"
"143","I","63"
"143","J","60"
"143","K","60"
"144","A","33"
"144","B","85"
"144","C","50"
"144","D","40"
"144","E","71"
"144","F","66"
"144","G","26"
"144","H","36"
"144","I","66"
"144","J","70"
"144","K","58"
"145","A","12"
"145","B","80"
"145","C","38"
"145","D","37"
"145","E","63"
"145","F","59"
"145","G","22"
"145","H","33"
"145","I","51"
"145","J","64"
"145","K","53"
"146","A","17"
"146","B","65"
"146","C","41"
"146","D","33"
"146","E","55"
"146","F","64"
"146","G","18"
"146","H","26"
"146","I","51"
"146","J","60"
"146","K","50"
"147","A","14"
"147","B","76"
"147","C","41"
"147","D","38"
"147","E","62"
"147","F","57"
"147","G","8"
"147","H","30"
"147","I","52"
"147","J","60"
"147","K","52"
"148","A","20"
"148","B","81"
"148","C","44"
"148","D","42"
"148","E","63"
"148","F","69"
"148","G","24"
"148","H","38"
"148","I","63"
"148","J","69"
"148","K","53"
"149","A","20"
"149","B","74"
"149","C","33"
"149","D","36"
"149","E","52"
"149","F","57"
"149","G","9"
"149","H","37"
"149","I","49"
"149","J","58"
"149","K","48"
"150","A","35"
"150","B","93"
"150","C","45"
"150","D","51"
"150","E","71"
"150","F","77"
"150","G","32"
"150","H","46"
"150","I","66"
"150","J","77"
"150","K","74"
"151","A","26"
"151","B","84"
"151","C","42"
"151","D","38"
"151","E","68"
"151","F","71"
"151","G","24"
"151","H","38"
"151","I","65"
"151","J","71"
"151","K","64"
"152","A","24"
"152","B","84"
"152","C","38"
"152","D","45"
"152","E","61"
"152","F","60"
"152","G","25"
"152","H","43"
"152","I","61"
"152","J","61"
"152","K","61"
"153","A","34"
"153","B","89"
"153","C","48"
"153","D","51"
"153","E","74"
"153","F","75"
"153","G","33"
"153","H","54"
"153","I","68"
"153","J","76"
"153","K","68"
"154","A","38"
"154","B","86"
"154","C","45"
"154","D","40"
"154","E","79"
"154","F","70"
"154","G","23"
"154","H","48"
"154","I","63"
"154","J","73"
"154","K","60"
"155","A","24"
"155","B","85"
"155","C","53"
"155","D","47"
"155","E","69"
"155","F","68"
"155","G","35"
"155","H","41"
"155","I","69"
"155","J","73"
"155","K","66"
"156","A","31"
"156","B","98"
"156","C","53"
"156","D","49"
"156","E","70"
"156","F","70"
"156","G","25"
"156","H","61"
"156","I","72"
"156","J","81"
"156","K","61"
"157","A","23"
"157","B","75"
"157","C","34"
"157","D","32"
"157","E","60"
"157","F","59"
"157","G","21"
"157","H","28"
"157","I","48"
"157","J","66"
"157","K","55"
"158","A","26"
"158","B","91"
"158","C","49"
"158","D","51"
"158","E","70"
"158","F","84"
"158","G","35"
"158","H","47"
"158","I","68"
"158","J","74"
"158","K","57"
"159","A","26"
"159","B","77"
"159","C","45"
"159","D","51"
"159","E","60"
"159","F","70"
"159","G","28"
"159","H","40"
"159","I","61"
"159","J","64"
"159","K","53"
"160","A","26"
"160","B","86"
"160","C","53"
"160","D","49"
"160","E","71"
"160","F","66"
"160","G","18"
"160","H","38"
"160","I","61"
"160","J","72"
"160","K","52"
"161","A","12"
"161","B","75"
"161","C","31"
"161","D","28"
"161","E","61"
"161","F","54"
"161","G","19"
"161","H","36"
"161","I","66"
"161","J","60"
"161","K","53"
"162","A","35"
"162","B","80"
"162","C","50"
"162","D","39"
"162","E","63"
"162","F","63"
"162","G","24"
"162","H","37"
"162","I","63"
"162","J","68"
"162","K","66"
"163","A","41"
"163","B","91"
"163","C","48"
"163","D","55"
"163","E","73"
"163","F","77"
"163","G","37"
"163","H","50"
"163","I","67"
"163","J","76"
"163","K","64"
"164","A","26"
"164","B","84"
"164","C","39"
"164","D","37"
"164","E","62"
"164","F","52"
"164","G","17"
"164","H","30"
"164","I","54"
"164","J","65"
"164","K","61"
"165","A","38"
"165","B","84"
"165","C","52"
"165","D","44"
"165","E","64"
"165","F","73"
"165","G","34"
"165","H","35"
"165","I","67"
"165","J","57"
"165","K","61"
"166","A","34"
"166","B","90"
"166","C","45"
"166","D","56"
"166","E","74"
"166","F","56"
"166","G","27"
"166","H","39"
"166","I","63"
"166","J","76"
"166","K","58"
"167","A","35"
"167","B","91"
"167","C","49"
"167","D","49"
"167","E","70"
"167","F","68"
"167","G","28"
"167","H","42"
"167","I","65"
"167","J","75"
"167","K","65"
"168","A","22"
"168","B","77"
"168","C","35"
"168","D","35"
"168","E","63"
"168","F","50"
"168","G","24"
"168","H","38"
"168","I","57"
"168","J","51"
"168","K","59"
"169","A","25"
"169","B","92"
"169","C","45"
"169","D","42"
"169","E","69"
"169","F","64"
"169","G","19"
"169","H","37"
"169","I","65"
"169","J","66"
"169","K","62"
"170","A","23"
"170","B","72"
"170","C","43"
"170","D","37"
"170","E","60"
"170","F","52"
"170","G","21"
"170","H","32"
"170","I","57"
"170","J","55"
"170","K","51"
"171","A","23"
"171","B","85"
"171","C","36"
"171","D","35"
"171","E","63"
"171","F","62"
"171","G","28"
"171","H","32"
"171","I","61"
"171","J","66"
"171","K","61"
"172","A","26"
"172","B","85"
"172","C","39"
"172","D","27"
"172","E","55"
"172","F","56"
"172","G","11"
"172","H","36"
"172","I","59"
"172","J","66"
"172","K","46"
"173","A","24"
"173","B","84"
"173","C","33"
"173","D","36"
"173","E","64"
"173","F","52"
"173","G","21"
"173","H","24"
"173","I","54"
"173","J","52"
"173","K","53"
"174","A","26"
"174","B","78"
"174","C","31"
"174","D","36"
"174","E","57"
"174","F","64"
"174","G","26"
"174","H","37"
"174","I","59"
"174","J","69"
"174","K","55"
"175","A","25"
"175","B","78"
"175","C","48"
"175","D","29"
"175","E","67"
"175","F","64"
"175","G","19"
"175","H","38"
"175","I","49"
"175","J","67"
"175","K","50"
"176","A","32"
"176","B","97"
"176","C","44"
"176","D","47"
"176","E","69"
"176","F","78"
"176","G","24"
"176","H","51"
"176","I","61"
"176","J","79"
"176","K","60"
"177","A","22"
"177","B","76"
"177","C","38"
"177","D","29"
"177","E","54"
"177","F","53"
"177","G","21"
"177","H","30"
"177","I","63"
"177","J","61"
"177","K","52"
"178","A","25"
"178","B","84"
"178","C","33"
"178","D","42"
"178","E","67"
"178","F","64"
"178","G","17"
"178","H","38"
"178","I","52"
"178","J","53"
"178","K","57"
"179","A","25"
"179","B","78"
"179","C","43"
"179","D","37"
"179","E","68"
"179","F","67"
"179","G","17"
"179","H","34"
"179","I","60"
"179","J","68"
"179","K","62"
"180","A","35"
"180","B","77"
"180","C","55"
"180","D","46"
"180","E","60"
"180","F","60"
"180","G","26"
"180","H","34"
"180","I","67"
"180","J","63"
"180","K","57"
"181","A","47"
"181","B","92"
"181","C","51"
"181","D","45"
"181","E","74"
"181","F","77"
"181","G","22"
"181","H","45"
"181","I","74"
"181","J","73"
"181","K","60"
"182","A","26"
"182","B","84"
"182","C","49"
"182","D","42"
"182","E","67"
"182","F","58"
"182","G","17"
"182","H","37"
"182","I","58"
"182","J","61"
"182","K","57"
"183","A","40"
"183","B","85"
"183","C","45"
"183","D","46"
"183","E","64"
"183","F","62"
"183","G","30"
"183","H","43"
"183","I","64"
"183","J","73"
"183","K","59"
"184","A","34"
"184","B","89"
"184","C","49"
"184","D","42"
"184","E","67"
"184","F","74"
"184","G","19"
"184","H","47"
"184","I","63"
"184","J","60"
"184","K","74"
"185","A","29"
"185","B","81"
"185","C","41"
"185","D","37"
"185","E","63"
"185","F","61"
"185","G","17"
"185","H","38"
"185","I","49"
"185","J","69"
"185","K","66"
"186","A","36"
"186","B","91"
"186","C","57"
"186","D","45"
"186","E","77"
"186","F","67"
"186","G","29"
"186","H","48"
"186","I","73"
"186","J","72"
"186","K","66"
"187","A","39"
"187","B","87"
"187","C","55"
"187","D","41"
"187","E","86"
"187","F","69"
"187","G","36"
"187","H","42"
"187","I","77"
"187","J","76"
"187","K","69"
"188","A","29"
"188","B","74"
"188","C","33"
"188","D","38"
"188","E","64"
"188","F","56"
"188","G","21"
"188","H","32"
"188","I","62"
"188","J","67"
"188","K","67"
"189","A","11"
"189","B","82"
"189","C","51"
"189","D","28"
"189","E","60"
"189","F","69"
"189","G","20"
"189","H","35"
"189","I","54"
"189","J","63"
"189","K","52"
"190","A","33"
"190","B","96"
"190","C","46"
"190","D","42"
"190","E","78"
"190","F","72"
"190","G","33"
"190","H","38"
"190","I","69"
"190","J","71"
"190","K","64"
"191","A","25"
"191","B","90"
"191","C","47"
"191","D","49"
"191","E","66"
"191","F","69"
"191","G","34"
"191","H","41"
"191","I","73"
"191","J","77"
"191","K","61"
"192","A","18"
"192","B","84"
"192","C","54"
"192","D","45"
"192","E","67"
"192","F","64"
"192","G","16"
"192","H","35"
"192","I","58"
"192","J","70"
"192","K","53"
"193","A","29"
"193","B","86"
"193","C","58"
"193","D","46"
"193","E","68"
"193","F","58"
"193","G","21"
"193","H","37"
"193","I","61"
"193","J","74"
"193","K","49"
"194","A","31"
"194","B","95"
"194","C","55"
"194","D","59"
"194","E","78"
"194","F","71"
"194","G","23"
"194","H","41"
"194","I","80"
"194","J","64"
"194","K","68"
"195","A","36"
"195","B","81"
"195","C","45"
"195","D","44"
"195","E","70"
"195","F","55"
"195","G","21"
"195","H","26"
"195","I","68"
"195","J","68"
"195","K","66"
"196","A","26"
"196","B","98"
"196","C","51"
"196","D","45"
"196","E","67"
"196","F","77"
"196","G","20"
"196","H","37"
"196","I","63"
"196","J","70"
"196","K","58"
"197","A","38"
"197","B","86"
"197","C","57"
"197","D","46"
"197","E","70"
"197","F","78"
"197","G","27"
"197","H","49"
"197","I","65"
"197","J","72"
"197","K","60"
"198","A","42"
"198","B","85"
"198","C","53"
"198","D","47"
"198","E","69"
"198","F","74"
"198","G","33"
"198","H","48"
"198","I","76"
"198","J","79"
"198","K","70"
"199","A","24"
"199","B","74"
"199","C","39"
"199","D","29"
"199","E","58"
"199","F","53"
"199","G","16"
"199","H","25"
"199","I","52"
"199","J","50"
"199","K","52"
"200","A","28"
"200","B","85"
"200","C","54"
"200","D","48"
"200","E","80"
"200","F","71"
"200","G","18"
"200","H","41"
"200","I","62"
"200","J","77"
"200","K","71"
"201","A","31"
"201","B","82"
"201","C","53"
"201","D","51"
"201","E","62"
"201","F","73"
"201","G","22"
"201","H","46"
"201","I","67"
"201","J","66"
"201","K","58"
"202","A","25"
"202","B","83"
"202","C","44"
"202","D","48"
"202","E","64"
"202","F","67"
"202","G","33"
"202","H","43"
"202","I","70"
"202","J","61"
"202","K","64"
"203","A","23"
"203","B","72"
"203","C","39"
"203","D","39"
"203","E","65"
"203","F","58"
"203","G","24"
"203","H","31"
"203","I","58"
"203","J","65"
"203","K","52"
"204","A","24"
"204","B","73"
"204","C","37"
"204","D","25"
"204","E","56"
"204","F","54"
"204","G","17"
"204","H","34"
"204","I","54"
"204","J","61"
"204","K","58"
"205","A","30"
"205","B","88"
"205","C","55"
"205","D","58"
"205","E","68"
"205","F","77"
"205","G","41"
"205","H","53"
"205","I","71"
"205","J","84"
"205","K","69"
"206","A","21"
"206","B","80"
"206","C","34"
"206","D","33"
"206","E","61"
"206","F","56"
"206","G","27"
"206","H","34"
"206","I","58"
"206","J","57"
"206","K","52"
"207","A","20"
"207","B","77"
"207","C","38"
"207","D","26"
"207","E","51"
"207","F","59"
"207","G","20"
"207","H","30"
"207","I","53"
"207","J","62"
"207","K","40"
"208","A","25"
"208","B","89"
"208","C","54"
"208","D","49"
"208","E","70"
"208","F","74"
"208","G","26"
"208","H","46"
"208","I","63"
"208","J","75"
"208","K","66"
"209","A","28"
"209","B","86"
"209","C","51"
"209","D","42"
"209","E","69"
"209","F","68"
"209","G","29"
"209","H","46"
"209","I","64"
"209","J","63"
"209","K","63"
"210","A","13"
"210","B","76"
"210","C","48"
"210","D","35"
"210","E","70"
"210","F","64"
"210","G","24"
"210","H","38"
"210","I","71"
"210","J","61"
"210","K","57"
"211","A","32"
"211","B","91"
"211","C","55"
"211","D","53"
"211","E","69"
"211","F","71"
"211","G","38"
"211","H","48"
"211","I","79"
"211","J","73"
"211","K","62"
"212","A","26"
"212","B","74"
"212","C","44"
"212","D","43"
"212","E","69"
"212","F","75"
"212","G","17"
"212","H","39"
"212","I","59"
"212","J","71"
"212","K","57"
"213","A","31"
"213","B","92"
"213","C","48"
"213","D","41"
"213","E","61"
"213","F","61"
"213","G","18"
"213","H","46"
"213","I","63"
"213","J","64"
"213","K","57"
"214","A","15"
"214","B","83"
"214","C","44"
"214","D","36"
"214","E","58"
"214","F","70"
"214","G","21"
"214","H","29"
"214","I","68"
"214","J","53"
"214","K","45"
"215","A","30"
"215","B","81"
"215","C","58"
"215","D","47"
"215","E","70"
"215","F","70"
"215","G","35"
"215","H","40"
"215","I","69"
"215","J","75"
"215","K","60"
"216","A","35"
"216","B","93"
"216","C","53"
"216","D","52"
"216","E","70"
"216","F","79"
"216","G","26"
"216","H","47"
"216","I","76"
"216","J","79"
"216","K","59"
"217","A","19"
"217","B","81"
"217","C","45"
"217","D","42"
"217","E","64"
"217","F","56"
"217","G","12"
"217","H","36"
"217","I","63"
"217","J","53"
"217","K","51"
"218","A","28"
"218","B","79"
"218","C","41"
"218","D","43"
"218","E","59"
"218","F","70"
"218","G","9"
"218","H","46"
"218","I","54"
"218","J","54"
"218","K","60"
"219","A","24"
"219","B","82"
"219","C","53"
"219","D","51"
"219","E","72"
"219","F","64"
"219","G","21"
"219","H","35"
"219","I","60"
"219","J","55"
"219","K","54"
"220","A","17"
"220","B","73"
"220","C","45"
"220","D","37"
"220","E","71"
"220","F","56"
"220","G","12"
"220","H","32"
"220","I","66"
"220","J","58"
"220","K","65"
"221","A","25"
"221","B","88"
"221","C","45"
"221","D","32"
"221","E","58"
"221","F","60"
"221","G","22"
"221","H","32"
"221","I","71"
"221","J","70"
"221","K","63"
"222","A","30"
"222","B","81"
"222","C","48"
"222","D","51"
"222","E","67"
"222","F","72"
"222","G","24"
"222","H","39"
"222","I","57"
"222","J","68"
"222","K","66"
"223","A","31"
"223","B","82"
"223","C","58"
"223","D","43"
"223","E","66"
"223","F","64"
"223","G","37"
"223","H","56"
"223","I","59"
"223","J","75"
"223","K","53"
"224","A","24"
"224","B","87"
"224","C","50"
"224","D","51"
"224","E","72"
"224","F","62"
"224","G","35"
"224","H","40"
"224","I","62"
"224","J","72"
"224","K","48"
"225","A","38"
"225","B","81"
"225","C","58"
"225","D","53"
"225","E","72"
"225","F","72"
"225","G","33"
"225","H","42"
"225","I","62"
"225","J","74"
"225","K","73"
"226","A","25"
"226","B","79"
"226","C","40"
"226","D","46"
"226","E","73"
"226","F","63"
"226","G","27"
"226","H","39"
"226","I","64"
"226","J","66"
"226","K","62"
"227","A","21"
"227","B","76"
"227","C","39"
"227","D","29"
"227","E","64"
"227","F","59"
"227","G","23"
"227","H","36"
"227","I","59"
"227","J","59"
"227","K","53"
"228","A","33"
"228","B","80"
"228","C","48"
"228","D","44"
"228","E","70"
"228","F","63"
"228","G","31"
"228","H","40"
"228","I","59"
"228","J","65"
"228","K","53"
"229","A","15"
"229","B","82"
"229","C","50"
"229","D","49"
"229","E","60"
"229","F","68"
"229","G","24"
"229","H","43"
"229","I","69"
"229","J","71"
"229","K","55"
"230","A","26"
"230","B","71"
"230","C","36"
"230","D","36"
"230","E","58"
"230","F","59"
"230","G","18"
"230","H","37"
"230","I","60"
"230","J","57"
"230","K","41"
"231","A","41"
"231","B","88"
"231","C","52"
"231","D","53"
"231","E","73"
"231","F","72"
"231","G","42"
"231","H","52"
"231","I","65"
"231","J","75"
"231","K","71"
"232","A","29"
"232","B","84"
"232","C","48"
"232","D","33"
"232","E","61"
"232","F","71"
"232","G","25"
"232","H","37"
"232","I","66"
"232","J","86"
"232","K","64"
"233","A","22"
"233","B","74"
"233","C","39"
"233","D","37"
"233","E","55"
"233","F","59"
"233","G","17"
"233","H","28"
"233","I","53"
"233","J","55"
"233","K","50"
"234","A","29"
"234","B","87"
"234","C","55"
"234","D","49"
"234","E","64"
"234","F","67"
"234","G","35"
"234","H","41"
"234","I","74"
"234","J","73"
"234","K","62"
"235","A","32"
"235","B","77"
"235","C","49"
"235","D","45"
"235","E","56"
"235","F","63"
"235","G","22"
"235","H","28"
"235","I","61"
"235","J","62"
"235","K","62"
"236","A","22"
"236","B","75"
"236","C","43"
"236","D","38"
"236","E","54"
"236","F","67"
"236","G","23"
"236","H","36"
"236","I","57"
"236","J","68"
"236","K","54"
"237","A","40"
"237","B","83"
"237","C","59"
"237","D","61"
"237","E","72"
"237","F","82"
"237","G","20"
"237","H","56"
"237","I","74"
"237","J","82"
"237","K","70"
"238","A","38"
"238","B","93"
"238","C","53"
"238","D","42"
"238","E","69"
"238","F","68"
"238","G","26"
"238","H","37"
"238","I","55"
"238","J","75"
"238","K","61"
"239","A","34"
"239","B","83"
"239","C","50"
"239","D","44"
"239","E","70"
"239","F","83"
"239","G","36"
"239","H","43"
"239","I","66"
"239","J","76"
"239","K","66"
"240","A","23"
"240","B","72"
"240","C","42"
"240","D","42"
"240","E","58"
"240","F","68"
"240","G","16"
"240","H","45"
"240","I","59"
"240","J","71"
"240","K","58"
"241","A","29"
"241","B","79"
"241","C","40"
"241","D","40"
"241","E","60"
"241","F","54"
"241","G","31"
"241","H","33"
"241","I","58"
"241","J","65"
"241","K","51"
"242","A","30"
"242","B","84"
"242","C","56"
"242","D","48"
"242","E","65"
"242","F","71"
"242","G","26"
"242","H","48"
"242","I","62"
"242","J","76"
"242","K","62"
"243","A","26"
"243","B","83"
"243","C","44"
"243","D","46"
"243","E","71"
"243","F","59"
"243","G","24"
"243","H","34"
"243","I","53"
"243","J","64"
"243","K","62"
"244","A","12"
"244","B","77"
"244","C","46"
"244","D","45"
"244","E","58"
"244","F","57"
"244","G","17"
"244","H","28"
"244","I","57"
"244","J","56"
"244","K","50"
"245","A","37"
"245","B","100"
"245","C","39"
"245","D","41"
"245","E","57"
"245","F","57"
"245","G","19"
"245","H","32"
"245","I","59"
"245","J","71"
"245","K","60"
"246","A","19"
"246","B","70"
"246","C","40"
"246","D","24"
"246","E","65"
"246","F","63"
"246","G","9"
"246","H","27"
"246","I","55"
"246","J","61"
"246","K","55"
"247","A","32"
"247","B","78"
"247","C","45"
"247","D","33"
"247","E","63"
"247","F","72"
"247","G","26"
"247","H","36"
"247","I","52"
"247","J","74"
"247","K","54"
"248","A","39"
"248","B","87"
"248","C","58"
"248","D","49"
"248","E","68"
"248","F","73"
"248","G","34"
"248","H","50"
"248","I","73"
"248","J","71"
"248","K","69"
"249","A","39"
"249","B","95"
"249","C","51"
"249","D","53"
"249","E","72"
"249","F","69"
"249","G","30"
"249","H","46"
"249","I","72"
"249","J","72"
"249","K","74"
"250","A","31"
"250","B","91"
"250","C","58"
"250","D","60"
"250","E","72"
"250","F","64"
"250","G","36"
"250","H","51"
"250","I","72"
"250","J","71"
"250","K","66"
"251","A","30"
"251","B","84"
"251","C","61"
"251","D","55"
"251","E","70"
"251","F","70"
"251","G","32"
"251","H","50"
"251","I","65"
"251","J","78"
"251","K","70"
"252","A","27"
"252","B","92"
"252","C","53"
"252","D","43"
"252","E","66"
"252","F","67"
"252","G","22"
"252","H","50"
"252","I","73"
"252","J","61"
"252","K","62"
"253","A","37"
"253","B","83"
"253","C","55"
"253","D","47"
"253","E","71"
"253","F","75"
"253","G","24"
"253","H","49"
"253","I","65"
"253","J","77"
"253","K","56"
"254","A","49"
"254","B","93"
"254","C","61"
"254","D","44"
"254","E","74"
"254","F","68"
"254","G","33"
"254","H","48"
"254","I","78"
"254","J","69"
"254","K","74"
"255","A","29"
"255","B","90"
"255","C","49"
"255","D","46"
"255","E","73"
"255","F","65"
"255","G","30"
"255","H","45"
"255","I","66"
"255","J","63"
"255","K","57"
"256","A","11"
"256","B","74"
"256","C","36"
"256","D","34"
"256","E","54"
"256","F","64"
"256","G","13"
"256","H","31"
"256","I","48"
"256","J","55"
"256","K","55"
"257","A","17"
"257","B","82"
"257","C","34"
"257","D","34"
"257","E","66"
"257","F","61"
"257","G","20"
"257","H","33"
"257","I","55"
"257","J","57"
"257","K","52"
"258","A","23"
"258","B","85"
"258","C","48"
"258","D","46"
"258","E","64"
"258","F","66"
"258","G","19"
"258","H","46"
"258","I","69"
"258","J","68"
"258","K","52"
"259","A","26"
"259","B","81"
"259","C","37"
"259","D","46"
"259","E","63"
"259","F","64"
"259","G","23"
"259","H","36"
"259","I","55"
"259","J","58"
"259","K","56"
"260","A","22"
"260","B","79"
"260","C","26"
"260","D","29"
"260","E","63"
"260","F","63"
"260","G","17"
"260","H","30"
"260","I","48"
"260","J","62"
"260","K","45"
"261","A","39"
"261","B","86"
"261","C","54"
"261","D","42"
"261","E","70"
"261","F","69"
"261","G","29"
"261","H","48"
"261","I","69"
"261","J","72"
"261","K","65"
"262","A","42"
"262","B","89"
"262","C","49"
"262","D","44"
"262","E","76"
"262","F","78"
"262","G","29"
"262","H","43"
"262","I","64"
"262","J","77"
"262","K","69"
"263","A","35"
"263","B","94"
"263","C","56"
"263","D","48"
"263","E","64"
"263","F","76"
"263","G","37"
"263","H","43"
"263","I","70"
"263","J","77"
"263","K","70"
"264","A","19"
"264","B","76"
"264","C","47"
"264","D","40"
"264","E","58"
"264","F","59"
"264","G","11"
"264","H","26"
"264","I","59"
"264","J","55"
"264","K","58"
"265","A","27"
"265","B","70"
"265","C","42"
"265","D","32"
"265","E","68"
"265","F","68"
"265","G","21"
"265","H","36"
"265","I","62"
"265","J","64"
"265","K","55"
"266","A","18"
"266","B","80"
"266","C","36"
"266","D","42"
"266","E","55"
"266","F","56"
"266","G","20"
"266","H","38"
"266","I","57"
"266","J","49"
"266","K","49"
"267","A","18"
"267","B","74"
"267","C","38"
"267","D","37"
"267","E","57"
"267","F","61"
"267","G","26"
"267","H","28"
"267","I","57"
"267","J","62"
"267","K","54"
"268","A","25"
"268","B","86"
"268","C","41"
"268","D","39"
"268","E","57"
"268","F","52"
"268","G","16"
"268","H","30"
"268","I","49"
"268","J","67"
"268","K","55"
"269","A","15"
"269","B","80"
"269","C","51"
"269","D","48"
"269","E","59"
"269","F","63"
"269","G","21"
"269","H","32"
"269","I","53"
"269","J","59"
"269","K","52"
"270","A","15"
"270","B","77"
"270","C","30"
"270","D","39"
"270","E","63"
"270","F","58"
"270","G","24"
"270","H","38"
"270","I","48"
"270","J","65"
"270","K","50"
"271","A","16"
"271","B","63"
"271","C","38"
"271","D","24"
"271","E","61"
"271","F","51"
"271","G","13"
"271","H","33"
"271","I","57"
"271","J","62"
"271","K","55"
"272","A","16"
"272","B","79"
"272","C","39"
"272","D","33"
"272","E","59"
"272","F","64"
"272","G","8"
"272","H","19"
"272","I","52"
"272","J","60"
"272","K","50"
"273","A","24"
"273","B","83"
"273","C","38"
"273","D","38"
"273","E","57"
"273","F","67"
"273","G","21"
"273","H","32"
"273","I","63"
"273","J","74"
"273","K","62"
"274","A","20"
"274","B","84"
"274","C","39"
"274","D","38"
"274","E","60"
"274","F","66"
"274","G","22"
"274","H","27"
"274","I","57"
"274","J","63"
"274","K","52"
"275","A","28"
"275","B","74"
"275","C","49"
"275","D","37"
"275","E","68"
"275","F","63"
"275","G","14"
"275","H","41"
"275","I","55"
"275","J","63"
"275","K","55"
"276","A","26"
"276","B","82"
"276","C","42"
"276","D","33"
"276","E","62"
"276","F","71"
"276","G","17"
"276","H","41"
"276","I","68"
"276","J","70"
"276","K","46"
"277","A","37"
"277","B","95"
"277","C","51"
"277","D","41"
"277","E","68"
"277","F","75"
"277","G","32"
"277","H","49"
"277","I","79"
"277","J","84"
"277","K","62"
"278","A","38"
"278","B","81"
"278","C","59"
"278","D","48"
"278","E","68"
"278","F","74"
"278","G","22"
"278","H","39"
"278","I","72"
"278","J","71"
"278","K","63"
"279","A","23"
"279","B","90"
"279","C","49"
"279","D","37"
"279","E","67"
"279","F","64"
"279","G","27"
"279","H","41"
"279","I","56"
"279","J","75"
"279","K","62"
"280","A","26"
"280","B","81"
"280","C","52"
"280","D","39"
"280","E","76"
"280","F","62"
"280","G","30"
"280","H","35"
"280","I","74"
"280","J","73"
"280","K","52"
"281","A","31"
"281","B","86"
"281","C","39"
"281","D","52"
"281","E","70"
"281","F","75"
"281","G","21"
"281","H","40"
"281","I","67"
"281","J","68"
"281","K","67"
"282","A","16"
"282","B","76"
"282","C","33"
"282","D","44"
"282","E","52"
"282","F","49"
"282","G","17"
"282","H","22"
"282","I","59"
"282","J","63"
"282","K","55"
"283","A","31"
"283","B","82"
"283","C","45"
"283","D","43"
"283","E","69"
"283","F","64"
"283","G","30"
"283","H","39"
"283","I","64"
"283","J","66"
"283","K","68"
"284","A","26"
"284","B","87"
"284","C","41"
"284","D","43"
"284","E","49"
"284","F","54"
"284","G","15"
"284","H","40"
"284","I","56"
"284","J","61"
"284","K","47"
"285","A","26"
"285","B","88"
"285","C","44"
"285","D","42"
"285","E","69"
"285","F","63"
"285","G","25"
"285","H","37"
"285","I","68"
"285","J","75"
"285","K","65"
"286","A","38"
"286","B","89"
"286","C","49"
"286","D","51"
"286","E","80"
"286","F","77"
"286","G","32"
"286","H","45"
"286","I","72"
"286","J","70"
"286","K","73"
"287","A","47"
"287","B","88"
"287","C","56"
"287","D","52"
"287","E","75"
"287","F","78"
"287","G","25"
"287","H","55"
"287","I","63"
"287","J","80"
"287","K","57"
"288","A","35"
"288","B","84"
"288","C","50"
"288","D","56"
"288","E","70"
"288","F","62"
"288","G","26"
"288","H","43"
"288","I","74"
"288","J","77"
"288","K","63"
"289","A","27"
"289","B","83"
"289","C","43"
"289","D","40"
"289","E","67"
"289","F","64"
"289","G","28"
"289","H","28"
"289","I","62"
"289","J","63"
"289","K","57"
"290","A","16"
"290","B","76"
"290","C","41"
"290","D","36"
"290","E","56"
"290","F","62"
"290","G","12"
"290","H","33"
"290","I","47"
"290","J","51"
"290","K","42"
"291","A","24"
"291","B","76"
"291","C","42"
"291","D","34"
"291","E","52"
"291","F","64"
"291","G","18"
"291","H","28"
"291","I","53"
"291","J","61"
"291","K","50"
"292","A","41"
"292","B","100"
"292","C","65"
"292","D","56"
"292","E","71"
"292","F","75"
"292","G","34"
"292","H","49"
"292","I","72"
"292","J","77"
"292","K","62"
"293","A","38"
"293","B","92"
"293","C","45"
"293","D","49"
"293","E","73"
"293","F","84"
"293","G","38"
"293","H","48"
"293","I","57"
"293","J","75"
"293","K","70"
"294","A","42"
"294","B","87"
"294","C","48"
"294","D","53"
"294","E","64"
"294","F","64"
"294","G","30"
"294","H","38"
"294","I","63"
"294","J","72"
"294","K","60"
"295","A","34"
"295","B","78"
"295","C","46"
"295","D","43"
"295","E","71"
"295","F","66"
"295","G","21"
"295","H","40"
"295","I","76"
"295","J","80"
"295","K","60"
"296","A","29"
"296","B","88"
"296","C","57"
"296","D","44"
"296","E","72"
"296","F","69"
"296","G","24"
"296","H","48"
"296","I","83"
"296","J","78"
"296","K","73"
"297","A","24"
"297","B","91"
"297","C","44"
"297","D","44"
"297","E","66"
"297","F","71"
"297","G","20"
"297","H","39"
"297","I","75"
"297","J","67"
"297","K","61"
"298","A","36"
"298","B","90"
"298","C","57"
"298","D","45"
"298","E","85"
"298","F","81"
"298","G","37"
"298","H","47"
"298","I","77"
"298","J","69"
"298","K","54"
"299","A","39"
"299","B","99"
"299","C","52"
"299","D","49"
"299","E","78"
"299","F","70"
"299","G","49"
"299","H","47"
"299","I","75"
"299","J","84"
"299","K","60"
"300","A","32"
"300","B","88"
"300","C","47"
"300","D","43"
"300","E","73"
"300","F","67"
"300","G","36"
"300","H","40"
"300","I","63"
"300","J","72"
"300","K","55"
"301","A","19"
"301","B","72"
"301","C","40"
"301","D","35"
"301","E","60"
"301","F","64"
"301","G","7"
"301","H","38"
"301","I","46"
"301","J","59"
"301","K","44"
"302","A","34"
"302","B","87"
"302","C","45"
"302","D","43"
"302","E","64"
"302","F","64"
"302","G","23"
"302","H","38"
"302","I","64"
"302","J","68"
"302","K","64"
"303","A","31"
"303","B","82"
"303","C","50"
"303","D","50"
"303","E","69"
"303","F","68"
"303","G","18"
"303","H","43"
"303","I","67"
"303","J","65"
"303","K","62"
"304","A","18"
"304","B","76"
"304","C","33"
"304","D","36"
"304","E","54"
"304","F","64"
"304","G","16"
"304","H","31"
"304","I","64"
"304","J","63"
"304","K","49"
"305","A","37"
"305","B","86"
"305","C","52"
"305","D","44"
"305","E","68"
"305","F","78"
"305","G","30"
"305","H","51"
"305","I","81"
"305","J","87"
"305","K","58"
"306","A","20"
"306","B","76"
"306","C","39"
"306","D","39"
"306","E","52"
"306","F","59"
"306","G","14"
"306","H","33"
"306","I","57"
"306","J","59"
"306","K","46"
"307","A","40"
"307","B","92"
"307","C","53"
"307","D","46"
"307","E","78"
"307","F","77"
"307","G","31"
"307","H","40"
"307","I","70"
"307","J","76"
"307","K","73"
"308","A","31"
"308","B","84"
"308","C","53"
"308","D","49"
"308","E","68"
"308","F","73"
"308","G","30"
"308","H","51"
"308","I","78"
"308","J","81"
"308","K","57"
"309","A","22"
"309","B","84"
"309","C","50"
"309","D","44"
"309","E","73"
"309","F","62"
"309","G","28"
"309","H","35"
"309","I","66"
"309","J","74"
"309","K","57"
"310","A","25"
"310","B","77"
"310","C","40"
"310","D","34"
"310","E","57"
"310","F","68"
"310","G","16"
"310","H","32"
"310","I","52"
"310","J","71"
"310","K","56"
"311","A","36"
"311","B","74"
"311","C","44"
"311","D","36"
"311","E","60"
"311","F","57"
"311","G","19"
"311","H","29"
"311","I","52"
"311","J","63"
"311","K","54"
"312","A","40"
"312","B","88"
"312","C","53"
"312","D","51"
"312","E","72"
"312","F","70"
"312","G","24"
"312","H","40"
"312","I","72"
"312","J","84"
"312","K","67"
"313","A","13"
"313","B","82"
"313","C","42"
"313","D","29"
"313","E","66"
"313","F","60"
"313","G","20"
"313","H","33"
"313","I","68"
"313","J","71"
"313","K","54"
"314","A","37"
"314","B","100"
"314","C","52"
"314","D","52"
"314","E","68"
"314","F","72"
"314","G","35"
"314","H","36"
"314","I","75"
"314","J","67"
"314","K","59"
"315","A","30"
"315","B","81"
"315","C","39"
"315","D","47"
"315","E","59"
"315","F","62"
"315","G","21"
"315","H","41"
"315","I","59"
"315","J","72"
"315","K","57"
"316","A","29"
"316","B","92"
"316","C","55"
"316","D","51"
"316","E","75"
"316","F","67"
"316","G","28"
"316","H","52"
"316","I","80"
"316","J","76"
"316","K","63"
"317","A","35"
"317","B","91"
"317","C","47"
"317","D","51"
"317","E","62"
"317","F","83"
"317","G","26"
"317","H","49"
"317","I","80"
"317","J","74"
"317","K","59"
"318","A","41"
"318","B","87"
"318","C","55"
"318","D","41"
"318","E","74"
"318","F","70"
"318","G","27"
"318","H","41"
"318","I","79"
"318","J","77"
"318","K","63"
"319","A","36"
"319","B","92"
"319","C","51"
"319","D","49"
"319","E","76"
"319","F","81"
"319","G","30"
"319","H","49"
"319","I","79"
"319","J","72"
"319","K","71"
"320","A","35"
"320","B","83"
"320","C","56"
"320","D","43"
"320","E","71"
"320","F","64"
"320","G","23"
"320","H","42"
"320","I","79"
"320","J","65"
"320","K","58"
"321","A","30"
"321","B","82"
"321","C","39"
"321","D","39"
"321","E","58"
"321","F","64"
"321","G","27"
"321","H","42"
"321","I","67"
"321","J","75"
"321","K","63"
"322","A","42"
"322","B","93"
"322","C","56"
"322","D","47"
"322","E","76"
"322","F","79"
"322","G","34"
"322","H","52"
"322","I","73"
"322","J","75"
"322","K","62"
"323","A","26"
"323","B","78"
"323","C","32"
"323","D","42"
"323","E","67"
"323","F","70"
"323","G","13"
"323","H","30"
"323","I","57"
"323","J","61"
"323","K","43"
"324","A","20"
"324","B","74"
"324","C","32"
"324","D","41"
"324","E","56"
"324","F","70"
"324","G","17"
"324","H","40"
"324","I","52"
"324","J","63"
"324","K","59"
"325","A","33"
"325","B","83"
"325","C","56"
"325","D","45"
"325","E","68"
"325","F","70"
"325","G","26"
"325","H","48"
"325","I","70"
"325","J","61"
"325","K","64"
"326","A","27"
"326","B","83"
"326","C","49"
"326","D","60"
"326","E","75"
"326","F","69"
"326","G","21"
"326","H","43"
"326","I","66"
"326","J","75"
"326","K","59"
